,mu_o_1,mu_o_5,mu_o_0,std_o_1,std_o_5,std_o_0
0,-144918.99490356445,-85.42256677150726,-8335355.8349609375,0.0,9.815988694195404,102714.36476532309
1,-144346.5232849121,-85.52711507186558,-8330865.684530532,0.0,9.791376450306748,99885.0580401729
2,-143222.94235229492,-85.96983190893368,-8313273.292696312,0.0,9.599700907071234,90837.84547326146
3,-143085.28900146484,-86.15302116019315,-8308737.79921996,0.0,9.483891310642985,87815.3246151489
4,-141967.2966003418,-89.0054582316047,-8265455.982446278,0.0,8.215701144137816,64388.72002324173
5,-141550.54092407227,-89.69470735478058,-8253419.700010812,0.0,7.911237963779674,60818.493256132795
6,-141315.5174255371,-90.13877919628474,-8248740.399988043,0.0,7.732611181084385,61299.37346254786
7,-140925.11177062988,-90.6720092632977,-8247377.231103075,0.0,7.513263380098803,62083.78540810554
8,-140756.55937194824,-92.74146766157733,-8212751.478878533,0.0,8.191432835479976,57005.128883565245
9,-140421.6480255127,-93.09401091638188,-8207636.733879763,0.0,7.957551989326171,58171.516326507146
10,-140383.18634033203,-93.13419049239909,-8207172.427640175,0.0,7.930760850699924,58210.28819600075
11,-140128.12614440918,-93.3449026931914,-8201590.226409991,0.0,7.778738559201397,57818.27176012956
12,-139938.37356567383,-94.50204658832692,-8197359.5139430985,0.0,6.548093669603067,57853.29917308659
13,-139850.7785797119,-95.04259349311239,-8193436.103546667,0.0,6.119092375159035,54967.4629478424
14,-139596.71020507812,-96.61801472562898,-8178218.230917511,0.0,5.627732105124266,50906.16159557789
15,-138831.36749267578,-97.45337844536846,-8120427.711630079,0.0,5.163238200195344,36514.065644865725
16,-138805.570602417,-97.47061059744652,-8118879.448797469,0.0,5.160031823166325,36786.133738408054
17,-138164.05296325684,-99.21780137264768,-8078212.72407465,0.0,7.197652388379245,51938.47628931594
18,-138153.67698669434,-99.25642718482797,-8077274.250995973,0.0,7.233740259914333,52169.25852556134
19,-137873.2204437256,-100.3476188689144,-8056571.035016656,0.0,8.223051162658061,56775.32273634635
20,-137555.7804107666,-101.05845494467782,-8032277.340026292,0.0,8.447268696140263,66149.17225882472
21,-136937.48474121094,-102.45864132800791,-7991236.636531654,0.0,8.95879992514899,83966.7578007653
22,-136881.67572021484,-102.58161294426938,-7988847.455788213,0.0,9.003917692881313,83813.89798170474
23,-136637.69721984863,-102.90267869873291,-7988730.049118759,0.0,9.116702892851306,75879.25814105808
24,-136568.46046447754,-103.03186471125173,-7988725.080827497,0.0,9.10728352588889,73987.92083919665
25,-136187.80136108398,-104.04500557338292,-7995716.28226725,0.0,8.744175720514418,69936.9296894153
26,-136151.06582641602,-104.34117799415192,-7975867.286559922,0.0,8.778021947351792,80309.18479356873
27,-136014.7476196289,-104.68548515293917,-7974996.683134271,0.0,8.641277048071366,80429.302291524
28,-135758.28552246094,-105.4427163445685,-7967279.26494126,0.0,8.571436173416837,88204.66981859555
29,-135502.03323364258,-106.2957690210615,-7950348.175167568,0.0,8.438783361879244,87949.63794778498
30,-135337.34321594238,-106.79210439134582,-7939984.227741307,0.0,8.364317004645347,88729.8710954311
31,-134683.88557434082,-108.56438215791188,-7897155.508885099,0.0,8.489052485983024,96495.86958280596
32,-134542.51289367676,-108.81594586577762,-7891050.6039021835,0.0,8.608900133104678,99604.55219875583
33,-133967.72384643555,-109.57584745790703,-7878911.594720714,0.0,8.638141166139206,91624.55671234045
34,-132793.8175201416,-111.27753866231869,-7848351.567062895,0.0,8.761519607195984,73608.62374473945
35,-132720.7088470459,-111.40248270070836,-7845156.044416977,0.0,8.806711747037701,74554.22512423346
36,-132437.39128112793,-111.86092192004735,-7830001.407231187,0.0,8.937857062974338,83068.53921578512
37,-132156.62002563477,-112.38770947029211,-7817850.428972783,0.0,9.056888303617532,92856.46912818475
38,-131470.53718566897,-114.00547756017943,-7779372.303724262,0.0,9.025739328521498,112720.2248883895
39,-130810.06050109863,-115.77338485362839,-7704497.727160727,0.0,9.093578861572377,123192.4126219615
40,-130406.8470001221,-116.63725812196449,-7676875.975526844,1.4551915228366852e-11,9.181857308605323,135155.1227544091
41,-130295.34339904782,-116.82213780545491,-7684230.816671856,1.4551915228366852e-11,9.112686156898901,110224.85626571736
42,-130129.8713684082,-117.0774889241605,-7698420.666836646,0.0,9.02982459909297,76936.62254905282
43,-129284.21020507812,-118.50920803308513,-7683225.554052288,0.0,8.90152060165438,68515.65349200433
44,-129261.29341125488,-118.83357887550059,-7678651.759284647,0.0,8.73197505162604,65410.47580019674
45,-129054.44145202637,-119.0624260332172,-7669791.073498225,0.0,8.791580384340998,61352.909772237654
46,-128935.35614013672,-119.32300051389404,-7664638.432660298,0.0,8.820618479904002,59660.951972513314
47,-128391.64733886722,-120.61921625560595,-7647739.119127964,1.4551915228366852e-11,9.10960730634067,54461.64249450055
48,-128281.44073486328,-120.91397335942506,-7642025.776718247,0.0,9.244485905830384,57196.89977086836
49,-128159.87586975098,-122.71489304973693,-7640297.3512170585,0.0,8.829754661569698,56652.258417396064
50,-127891.28303527832,-123.4254639236135,-7631703.866978183,0.0,9.130854624093525,60378.41359440265
51,-127771.59690856934,-124.6281824015139,-7618403.606061794,0.0,9.532593830216424,64366.9654409969
52,-127747.42126464844,-124.68624808856575,-7617304.893673104,0.0,9.561441229261048,64759.253821669095
53,-126861.2003326416,-129.1293704975642,-7555330.832630107,0.0,7.117751758448169,46839.61162470504
54,-126629.7721862793,-130.19820767734961,-7537319.409772286,0.0,6.734757112104728,46026.061520269046
55,-125306.6635131836,-134.0014480325183,-7448666.570782539,0.0,8.385197895499752,65175.57816037152
56,-125050.57334899902,-135.15875712414237,-7430014.46692629,0.0,9.434750342012675,68355.61169398768
57,-124909.4009399414,-136.0492104735819,-7420181.033706838,0.0,9.748079258984841,70737.3672329332
58,-124630.93757629397,-137.82154999614184,-7411725.653681099,1.4551915228366852e-11,10.514346845576018,61208.20643239017
59,-124423.57063293454,-139.69940646833157,-7411070.026619124,1.4551915228366852e-11,10.850742986857739,52117.9502704597
60,-123814.21089172363,-145.3707259180335,-7379031.418104516,0.0,12.312845466589849,68357.09086294602
61,-123670.94039916992,-146.5175039816737,-7369934.004793221,0.0,12.887232415975687,72354.37172829606
62,-123451.59530639648,-148.4171449865615,-7362281.219456835,0.0,13.805218294553445,70931.50001373696
63,-123405.59005737305,-148.77848201955223,-7361491.378421736,0.0,14.033842279437998,70140.6697260094
64,-123113.25073242188,-150.69828078591578,-7348416.96069652,0.0,15.53133809501105,78139.6038901309
65,-122749.0234375,-152.12676102519632,-7324016.334470193,0.0,17.399935193506654,83400.09938354991
66,-122587.11814880374,-152.73573649263886,-7290329.503284812,1.4551915228366852e-11,18.19904955743836,98378.02086107973
67,-122106.1897277832,-154.07047142679943,-7273143.328465715,0.0,19.711591344492316,99606.3009452261
68,-122036.75270080566,-154.57784483834843,-7268046.158043474,0.0,19.664560231604195,100107.49943280642
69,-121891.48902893066,-155.61026170215672,-7257170.688507249,0.0,19.646839171549757,102173.01195880712
70,-121808.28094482422,-156.25451623380317,-7252444.205915406,0.0,19.657315702489086,101324.78738812351
71,-121654.7966003418,-157.15949256354415,-7239664.718363101,0.0,19.186677791121433,100281.94820770458
72,-120029.34455871582,-159.5686943486408,-7153934.341176522,0.0,18.486349275803388,82403.36830257847
73,-119885.2348327637,-159.84484285170026,-7150971.6997681605,1.4551915228366852e-11,18.39761878825784,81987.1444274454
74,-119633.26454162598,-160.68456029574028,-7147098.135554684,0.0,17.93490128118404,85114.8492686633
75,-119556.23626708984,-160.91843755490416,-7142857.040098165,0.0,17.81186522753182,84392.15723066858
76,-119325.94299316406,-163.35425088098503,-7116283.722981175,0.0,16.451635669908406,80484.57071174086
77,-117601.20391845706,-165.78656614295735,-7027617.5376261845,1.4551915228366852e-11,16.03630358195763,63623.30436826702
78,-117206.34460449222,-166.1961142110093,-7005652.741444203,1.4551915228366852e-11,15.967458057937122,63802.31138536817
79,-116134.65309143066,-172.23364411494617,-6933148.15840407,0.0,14.973499498838056,61165.0813665697
80,-115791.06330871582,-174.80947986360601,-6909103.856662604,0.0,16.847247216853624,63391.30170061027
81,-115490.54145812988,-177.99383971481612,-6925725.500104616,0.0,19.65431219323516,87155.74483174154
82,-113970.16525268558,-183.37401436928084,-6814706.394409956,1.4551915228366852e-11,23.868559383908067,76173.92885622544
83,-113648.9295959473,-184.30033518360332,-6794857.955442579,1.4551915228366852e-11,24.6149694368224,78630.30520988935
84,-113489.8662567139,-185.1782392379176,-6786527.446757818,1.4551915228366852e-11,24.610401241852625,82305.69986816138
85,-113122.71118164062,-188.16328015245477,-6771367.587704197,0.0,23.719638948614435,90600.5033846847
86,-113011.4555358887,-188.8557454513047,-6765157.865863495,1.4551915228366852e-11,23.659261540473597,90607.13912504318
87,-112803.26843261722,-190.12666469544394,-6754758.82897201,1.4551915228366852e-11,23.54380029338771,90765.65484248025
88,-112354.93659973145,-192.04595131211593,-6725668.705071422,0.0,24.09067377270202,91788.45607289836
89,-111618.59512329102,-196.2234285670391,-6681681.461642978,0.0,24.547126465463307,90216.93912526585
90,-110827.27432250977,-201.44880404647324,-6640110.628080711,0.0,25.47230217949359,89550.93546243038
91,-110177.4787902832,-204.94349097235107,-6601572.262025726,0.0,26.58593578283035,95946.35076191764
92,-109916.32461547852,-210.7778098235468,-6588495.9624446295,0.0,25.031009134759234,96633.56249798829
93,-108519.5541381836,-217.0381488502706,-6515072.4656076785,0.0,27.96187641071176,104677.19678890446
94,-107566.61415100098,-221.8225974484888,-6474673.856986224,0.0,30.1586950759825,112809.67886738571
95,-107512.59803771973,-222.16339726064626,-6470959.078626397,0.0,30.301559707035803,112948.7533675554
96,-107449.27406311038,-222.7295080113501,-6467061.842278143,1.4551915228366852e-11,30.355259148686894,112509.25740269011
97,-105829.18167114258,-234.42308258433732,-6364996.896962551,0.0,28.470627838178718,112206.18295375575
98,-105712.06092834473,-235.06666212032414,-6359500.9206278445,0.0,28.35200098705111,111916.44249219686
99,-105265.78903198242,-236.13430647703407,-6335467.413092514,0.0,28.201247938923828,113733.03372504376
100,-104873.50463867188,-237.82964594459932,-6312375.378391923,0.0,27.4837287044254,117221.60738944102
101,-104014.15824890137,-242.45921955925397,-6239141.341728923,0.0,27.52021627594138,101467.15938307637
102,-102382.85064697266,-251.26160025563004,-6152657.556366627,0.0,28.385326873884214,126726.94729679756
103,-102382.26890563963,-251.26426861327408,-6152660.661081178,0.0,28.385936418661707,126695.15119374309
104,-102291.98455810548,-251.78703045437481,-6151028.60969947,0.0,28.646851624655643,119656.61482632799
105,-102028.90396118164,-255.86062342452678,-6154580.340137281,0.0,27.943256236286068,92653.44799146849
106,-101993.08395385742,-260.21014839901954,-6153604.866765921,0.0,27.53610167844314,90866.84939242623
107,-101946.28715515137,-260.926250414202,-6155647.736829498,0.0,27.714045357668496,84925.28321880837
108,-101851.0627746582,-262.3446826115166,-6157372.754208512,0.0,28.122393711114967,75136.65144558086
109,-101576.75743103027,-263.90293951116007,-6146601.933741374,0.0,28.570312467717336,74582.84068770046
110,-101164.54124450684,-265.9639050840505,-6105848.909160362,0.0,29.43337387749876,83295.93002411403
111,-99941.59698486328,-274.7637234048197,-6032911.196212098,0.0,33.40365144482513,64645.53119206174
112,-99570.33157348631,-276.6006343987763,-6005305.7666517105,0.0,34.237189642995524,69875.00975855971
113,-99486.6943359375,-276.8505447946503,-6001221.579303814,0.0,34.18205038251739,68935.62127453081
114,-98587.77046203612,-282.5908063094517,-5979130.428232446,0.0,29.56719742880831,106405.76858801658
115,-97693.9296722412,-289.06121239844396,-5969657.675128154,0.0,25.167967982805624,139060.48150710267
116,-97565.80352783205,-289.6383448118269,-5962956.248109903,0.0,24.924579511999696,133274.6653237683
117,-97197.6089477539,-291.8979036892176,-5942128.672461823,0.0,24.015727631853387,117931.02616110351
118,-96402.33039855956,-297.7519712533193,-5890558.381312506,0.0,23.810923754917983,87781.69697354687
119,-96310.94932556152,-299.42602693306014,-5902781.108464889,0.0,25.583047355161675,92214.68330481503
120,-95601.63497924805,-303.853008034303,-5852183.07962624,0.0,24.116985224753904,70669.37948185594
121,-94709.8445892334,-312.5542131830206,-5751932.447669275,0.0,20.140962574020982,76239.85931370713
122,-94581.31790161131,-313.2214757799506,-5743070.554931731,0.0,19.968199437281964,72145.89808757309
123,-94445.9629058838,-313.9040511724121,-5734133.659917569,0.0,19.75646614905194,68685.82287752806
124,-94362.3161315918,-314.3696988340595,-5730773.150865963,0.0,19.579219834548443,67964.70421109883
125,-94087.11433410645,-316.11403263183627,-5719920.317603216,0.0,18.99405803251732,65958.91826856106
126,-91870.44143676758,-329.1208453705798,-5647658.047144949,0.0,15.496263021027062,51974.239356545484
127,-91361.83738708496,-332.7881661341746,-5631678.566726099,0.0,15.360518378920627,52887.832892567545
128,-90735.73112487792,-336.28604814402763,-5606732.91103637,0.0,15.043011843393089,61901.530000782855
129,-90545.80688476562,-340.7124760669535,-5602385.755950183,0.0,18.075512679737916,61548.07366373151
130,-90391.09230041504,-341.3914367419308,-5596923.692131576,0.0,17.85911765955416,63469.597605385854
131,-90311.66076660156,-341.8975815437676,-5590782.604049405,0.0,17.504383455903177,64045.85705801957
132,-89402.32276916504,-347.051502588329,-5509233.467873471,0.0,13.758210867127431,78296.36270462094
133,-88758.544921875,-351.7628699382225,-5492564.65796374,0.0,9.547826622101514,49045.85633426653
134,-87126.13105773926,-357.7798427817723,-5391896.298126345,0.0,8.46058195681168,40406.60240248047
135,-86671.33331298828,-359.76486822134405,-5361091.917579916,0.0,8.814381824388326,40061.09296209758
136,-85261.4688873291,-376.08988894717476,-5259020.513754861,0.0,24.244166299204206,44748.56170950779
137,-84843.15872192383,-378.24216880596424,-5229402.882115988,0.0,24.929144807616126,47308.21339618949
138,-84586.99226379395,-379.7112401744062,-5208041.826783603,0.0,25.296625268486,45619.98818273626
139,-83845.28160095215,-384.2226996256094,-5157807.121675862,0.0,26.3884236346734,60625.60537401738
140,-83662.46223449707,-385.1372099207018,-5142856.170725988,0.0,26.364900788088566,66711.02204297393
141,-83272.67646789551,-388.48487891079765,-5117286.391343314,0.0,24.549091597141057,76530.23297231678
142,-82645.65467834473,-396.23957020904265,-5083843.014898755,0.0,20.09221957169002,100491.30473194782
143,-82589.30206298828,-396.7135151438791,-5080113.592267844,0.0,19.992336170993557,103028.91388408092
144,-82085.59036254883,-401.0216366294235,-5069271.601325881,0.0,19.647398703426553,100873.48389326298
145,-81896.32415771484,-403.79263353495594,-5065957.827094671,0.0,19.75160057919709,101908.42006030458
146,-81875.97274780273,-403.89045185479085,-5065454.999646221,0.0,19.77178419669807,102104.69091661202
147,-80582.05604553223,-408.116717464726,-5038909.231183761,0.0,19.995079892792408,130576.36596630317
148,-80562.06703186035,-408.849172770042,-5032703.20805299,0.0,20.756894735531482,128858.86748753491
149,-80490.01693725586,-411.5758657668268,-5006355.860877825,0.0,23.889891274676266,122080.28939756249
150,-79438.68637084961,-416.5009602979725,-4919847.071480108,0.0,24.727636019965026,62058.2036597788
151,-79346.30393981934,-416.9658677575638,-4909347.92736652,0.0,24.893597021645686,58406.422435048196
152,-78239.06898498535,-420.11849228478667,-4830858.539656332,0.0,26.206263463540996,38312.87067366616
153,-77992.32482910156,-420.8637166660528,-4815098.828096957,0.0,26.49945601919678,34132.28313942835
154,-77501.80721282959,-425.60161210177546,-4773693.391195452,0.0,21.299102490507188,41512.82672184051
155,-77334.09881591797,-427.3287979481787,-4759384.174946077,0.0,19.627967996689545,46670.85604457839
156,-77070.08838653564,-430.05126119778845,-4738589.992193928,0.0,17.127263675052387,56769.128356605186
157,-76858.71601104736,-432.50105243729274,-4738834.062067922,0.0,14.904463499497494,38031.81360517769
158,-75878.75843048096,-436.94622162365886,-4674273.467764792,0.0,14.723134676728892,56576.74177505635
159,-75255.78498840332,-441.75838538827264,-4588181.9780716505,0.0,14.17367401442034,60780.536195712135
160,-74749.13597106934,-444.313007600711,-4564761.898090916,0.0,14.115999872854243,53684.90406583992
161,-74143.7816619873,-447.28447264859096,-4545547.244937956,0.0,14.211864108291543,51091.3748574698
162,-73973.5746383667,-448.2771187848515,-4541632.457900731,0.0,14.483139181275098,53371.51356098595
163,-73548.15006256104,-450.6907593899565,-4512592.487181651,0.0,15.153699085062717,41115.67067819057
164,-73225.85582733154,-452.5308338742196,-4473307.628071608,0.0,15.684902414162554,49118.8604202694
165,-73201.46560668945,-452.7001349756356,-4472076.21429185,0.0,15.731814303339352,51026.131575526226
166,-73070.10173797607,-453.5430446042904,-4473740.580134857,0.0,15.883419652243164,51765.68031999614
167,-72865.28587341309,-455.76456565634965,-4486264.322295202,0.0,14.770124133567688,54352.68097201836
168,-72682.2566986084,-457.9819261109686,-4481555.1468118895,0.0,13.960151355783882,47005.216211329105
169,-72624.65953826904,-458.5160347681902,-4477552.776829029,0.0,13.665409954163646,46744.22414988839
170,-72437.82997131348,-460.11097483227985,-4466239.839879284,0.0,12.563020424454505,63791.406785641484
171,-72270.29323577881,-460.71615324307277,-4444066.958735023,0.0,12.592327946815706,74443.73153021427
172,-71934.90505218506,-463.9181873507223,-4433642.714166505,0.0,14.018862150949237,54448.724323446484
173,-71650.21419525146,-464.74689577082836,-4425331.078847032,0.0,13.93827782632919,41715.187956442176
174,-71535.4871749878,-465.2052758251248,-4421173.176804203,0.0,13.749801703486394,38680.334355385305
175,-71524.96337890625,-465.2950472241672,-4420428.388933507,0.0,13.68881179798075,38270.80914892303
176,-71504.0111541748,-465.48357964619606,-4418603.739422617,0.0,13.58151872903395,37123.31609400174
177,-70917.649269104,-470.4633370080761,-4369077.096833066,0.0,11.491042735011478,54354.454045415405
178,-70840.22521972656,-471.2402641705613,-4396268.016766034,0.0,11.373962151455805,56242.69418648631
179,-70503.05366516113,-472.4302915225811,-4403449.950936037,0.0,11.020934952682786,102676.98821837576
180,-70429.62551116943,-472.6012868145419,-4407324.147671009,0.0,11.089835803389505,110295.4806421774
181,-70232.12432861328,-473.03511114226376,-4393139.834333596,0.0,11.280711909194189,95755.02883707167
182,-69829.73575592041,-474.58491619504457,-4352212.126205757,0.0,12.04126614903671,71797.29601901904
183,-69669.79503631592,-474.95267588393,-4334889.824487558,0.0,12.203439658163571,67942.234947707
184,-69178.23314666748,-476.4790589942327,-4304129.854779187,0.0,12.648240154682172,63243.99340223204
185,-68552.05059051514,-480.265519010395,-4213734.526915068,0.0,16.140848276247016,44492.79953467696
186,-68294.1484451294,-483.70325232479337,-4216946.651094004,0.0,20.97818468854007,16683.378144592574
187,-67802.04772949219,-484.77120772930357,-4178446.675516446,0.0,20.684559226122737,21985.43827259156
188,-66750.87928771973,-487.666405987676,-4131332.682233901,0.0,20.18579962238278,61873.43677290706
189,-65988.51680755615,-490.5933378730796,-4103232.2540512136,0.0,21.412870684596957,105575.86582182093
190,-65454.80728149414,-497.1737808590566,-4028346.545541582,0.0,25.409092889006754,85935.53143605465
191,-65408.50639343262,-497.9947837796623,-4019805.4718524953,0.0,25.552060727303807,84993.75599606556
192,-65344.21443939209,-498.5037796951068,-4012891.9341324857,0.0,25.114145990798622,83071.65407766913
193,-65139.35089111328,-500.31868162916965,-3998003.424471698,0.0,23.69701980685894,67433.03353465257
194,-64530.35831451416,-507.56753951320377,-3964094.2663095146,0.0,18.868863726624934,66181.36011031897
195,-64499.96471405029,-507.8155878587742,-3963284.6987161348,0.0,18.77718231049366,67205.24690771246
196,-63875.47492980957,-511.62467327707634,-3930746.7484603436,0.0,17.541856428900594,65921.84074211681
197,-63417.05799102783,-514.9394138718287,-3903055.271738072,0.0,16.15456341171544,80390.40955586967
198,-62879.10461425781,-518.2295222132296,-3877775.145316708,0.0,15.260492884747437,96246.01331812084
199,-62751.44577026367,-519.1671111369603,-3872279.635413967,0.0,15.157585858012677,100574.12161535474
200,-62511.610984802246,-521.0500542940221,-3854189.0278452514,0.0,14.8481651692284,96583.69643416711
201,-62211.127281188965,-522.8721400946686,-3831882.5996578755,0.0,14.98427695681304,91275.24244222096
202,-61167.097091674805,-531.0274998065145,-3771408.7941769487,0.0,18.73408181981777,70255.81654708728
203,-60548.66313934326,-534.8579596439764,-3739505.047725027,0.0,21.78370469840377,73296.8040206829
204,-60526.8669128418,-534.996132000128,-3737179.368030323,0.0,21.897370592642645,72564.81048566737
205,-60138.30661773682,-537.8947925261882,-3696557.635288214,0.0,23.9120115835528,65803.99110428485
206,-59762.468338012695,-539.9253720924305,-3666201.484899723,0.0,24.692815232402083,66267.86970247538
207,-59694.51427459717,-540.2901142908665,-3661839.0240484574,0.0,24.845441318113636,67120.15269085547
208,-58931.37454986572,-543.6778177866114,-3608670.679853716,0.0,25.796034761729175,93037.86988143847
209,-58780.12657165527,-548.4222145523207,-3588670.868279185,0.0,21.39507633465071,111276.20359539197
210,-58777.66609191896,-548.5047661667594,-3588266.847422653,7.275957614183426e-12,21.34225242801209,111480.76918065069
211,-57865.6530380249,-555.59132241309,-3548241.8368440703,0.0,23.44299669482074,118282.72088447101
212,-57790.44628143312,-558.896646931263,-3520675.53701514,7.275957614183426e-12,21.91333364108666,109356.39910163276
213,-57646.69895172119,-559.9143122962087,-3506415.100932485,0.0,22.463298383592736,113490.21326305634
214,-57475.06141662598,-560.6313250453608,-3491500.4198595034,0.0,22.764186175152552,120125.23638889931
215,-56800.90427398682,-563.8080279717725,-3468520.6735547534,0.0,24.459500390042134,79297.30487323868
216,-56175.47512054443,-567.2045831676893,-3426543.590875254,0.0,26.73672988064833,78637.59574441366
217,-56033.72573852539,-568.3257312037897,-3413394.2581693605,0.0,27.509572155912732,87218.72926702778
218,-55194.77844238281,-572.5100199464284,-3385104.826516281,0.0,29.771297922639896,51141.84971772871
219,-55184.268951416016,-572.5694897105968,-3384611.1091836914,0.0,29.798830667787684,50638.015803105896
220,-55013.23699951172,-573.2132540951396,-3375530.71920979,0.0,29.970287394379394,43438.655907563276
221,-54620.76663970947,-574.9999194449377,-3367341.5575908213,0.0,30.655036032999696,31778.93329747952
222,-53712.60643005371,-578.061178529789,-3261227.0253305957,0.0,31.327755520426756,69091.26471522985
223,-53598.41346740723,-579.7293795142734,-3265513.0641805725,0.0,32.558116319093315,51264.44092096674
224,-53477.05841064453,-580.3614798837137,-3255261.304070063,0.0,32.85602124859822,53619.19278208183
225,-53352.2891998291,-580.9148623686167,-3247775.3362095496,0.0,33.20292102615664,53357.83029612048
226,-52392.82131195068,-588.9899392835594,-3187617.7778837117,0.0,29.59459268790727,62287.40720147917
227,-52250.38528442383,-590.2836399150292,-3178136.1736197425,0.0,29.219824368424014,65225.65141490509
228,-51544.30389404297,-595.8177327868694,-3147150.114783883,0.0,26.67541788020535,58476.01042824428
229,-51041.14055633545,-598.3730401144378,-3127131.169926263,0.0,26.980463273049818,60654.71604771373
230,-50886.98863983154,-599.1330757790671,-3118744.1886342997,0.0,27.05894800168368,64314.30160151143
231,-49060.15396118164,-612.3428633863592,-2981235.204621947,0.0,24.796850431077992,57443.87194268862
232,-48815.5460357666,-613.5493348346622,-2964042.9288572622,0.0,24.950418863061046,58312.098777505526
233,-48627.53391265869,-616.1671400593362,-2964747.2952212943,0.0,27.472645270428146,47513.47206201706
234,-47900.43354034424,-619.4366210840772,-2908195.6698835935,0.0,27.690386172869076,52629.27744188111
235,-45714.74075317383,-627.4652752728915,-2764930.4413199006,0.0,25.845749288074405,52470.74562275845
236,-44989.53819274902,-632.9775491302391,-2718614.384059258,0.0,23.281537045063452,53325.48211201688
237,-44963.58871459961,-636.1386072599812,-2721318.925766104,0.0,19.98828236595313,50740.986127929194
238,-44322.32856750488,-641.3640605821412,-2680031.261454845,0.0,17.90562739952557,51629.66018527879
239,-43920.62187194824,-644.2020390322726,-2663695.4699099725,0.0,17.14820432858983,55459.15561553932
240,-43862.27607727051,-644.793086061272,-2661581.7543324647,0.0,17.136363611061732,56220.47035700168
241,-43674.74555969238,-648.6202603732346,-2652423.386561596,0.0,15.196733880452223,56126.09330651231
242,-43503.3655166626,-651.5914165276746,-2618242.6816175454,0.0,14.059256309230054,44456.58935680787
243,-43220.93963623047,-657.0213844503111,-2605760.68993265,0.0,13.564378832516427,35533.61170170725
244,-43196.52080535889,-659.6047277575587,-2597178.4616996273,0.0,15.33033524034732,44060.968582753245
245,-43179.38804626465,-659.8710957206339,-2596794.7483712104,0.0,15.303193201437663,43328.40039534998
246,-42852.64015197754,-665.0020867724609,-2575673.8572098776,0.0,16.198825001606227,26115.764779567573
247,-42786.13090515137,-665.9630934728765,-2572192.215573722,0.0,16.826929836082414,23122.022003491023
248,-42661.542892456055,-668.2486059304875,-2566201.298551332,0.0,18.456666172163324,19951.880270682817
249,-42437.21008300781,-671.1339452507569,-2558302.322006832,0.0,20.040145751567298,28532.46186621889
250,-42145.79105377197,-675.0722313022267,-2566016.4677289734,0.0,22.130998906296906,29139.265962179514
251,-42030.94482421875,-676.8175096323773,-2567363.46122436,0.0,22.69807050705946,36572.77476187658
252,-41990.62824249268,-677.3520597224909,-2565886.0063545667,0.0,22.94518054914764,38636.75506288949
253,-41968.87969970703,-678.3085139753091,-2569546.904410472,0.0,23.134098595296297,35787.03828258073
254,-41827.02541351318,-684.0551416181385,-2587778.5261916653,0.0,25.648735606640336,56884.65794056534
255,-41810.383796691895,-684.5908380591584,-2567238.2959163086,0.0,25.988531469568027,32910.182809108344
256,-41740.760803222656,-686.8472884053583,-2536234.4128304264,0.0,27.57403988443775,52183.24116557222
257,-41423.2063293457,-690.1142524158637,-2575344.6094957856,0.0,28.623335209115435,92164.3371932665
258,-41416.988372802734,-690.1752222812195,-2574513.394428823,0.0,28.643782136677192,91527.38678496433
259,-41193.62831115723,-692.7735432716275,-2535333.7433429547,0.0,29.128567771347075,73826.94125307494
260,-41141.28112792969,-693.1427215138538,-2526996.660777931,0.0,28.935953173596207,70203.74845058721
261,-40977.00119018555,-693.8673398140764,-2501825.1967300065,0.0,28.662555487644045,61359.33352177588
262,-40969.9010848999,-693.9109520492368,-2500886.1099281996,0.0,28.660745574053237,61342.976568323946
263,-40483.503341674805,-698.8123903616466,-2464213.7753348346,0.0,27.18349572746834,40622.53302287026
264,-40255.27000427246,-700.6122822898334,-2452408.1725517884,0.0,26.155716193202228,46499.66546723754
265,-40100.46482086182,-702.8902668048166,-2436483.4984752825,0.0,25.07041113888055,53754.76149159116
266,-39343.64795684815,-706.0094302824384,-2381335.142132685,0.0,23.324473286500123,86893.14327440147
267,-39290.456771850586,-706.4319428797934,-2335784.3342684987,0.0,23.514499595904045,15802.256855142972
268,-38648.91052246094,-708.5312432128442,-2296496.312377815,0.0,21.422746358184906,53838.633170699344
269,-38583.43839645386,-708.9126408823332,-2293584.9900374203,0.0,21.144441533300416,57707.69942108398
270,-38281.097412109375,-710.4323982050767,-2284438.3836320504,0.0,20.22581667863513,73820.8207864312
271,-38098.46878051758,-711.9095340539413,-2276928.1018066616,0.0,20.096418900121705,86471.79748855159
272,-37913.594245910645,-714.8179438974275,-2246646.6287487224,0.0,22.149417103492393,60524.091904496905
273,-37737.58888244629,-717.1365525446696,-2225642.5125177624,0.0,23.893310081992595,33601.975804922324
274,-37083.45651626587,-721.3892652362589,-2245707.2632765668,0.0,23.679699136974136,72646.85833790808
275,-36661.765575408936,-724.3503041697893,-2213871.2620204175,0.0,24.09994154576088,27734.72030732753
276,-36559.15260314941,-725.2801240335327,-2209370.8617991456,0.0,24.017989158065618,17063.178884385557
277,-36556.58721923828,-725.3020857642226,-2209390.215118292,0.0,24.013989663689635,16973.146244798565
278,-36541.47386550903,-725.505466821536,-2209508.8437636136,0.0,23.918644763152678,16447.787542624807
279,-36172.614097595215,-731.1163219221604,-2210223.5968996375,0.0,22.10145215983688,13119.8547773585
280,-36137.23993301392,-731.6550402580623,-2209918.5529320017,0.0,21.95956443248764,14676.947646675671
281,-35706.2554359436,-736.7742093943214,-2177253.907978902,0.0,21.329033435844597,43499.50819894754
282,-35483.877658843994,-739.4597186861909,-2156206.778654548,0.0,21.01652982898933,60001.84163439681
283,-35173.06327819824,-742.4090646666704,-2138180.736842689,0.0,21.012390316201895,66451.13370265013
284,-34687.371253967285,-745.8070130109091,-2113020.212257401,0.0,20.586812669918224,78404.23926917989
285,-34680.306911468506,-745.8573432343659,-2112934.9926339863,0.0,20.58090078992341,78221.66284773355
286,-34570.38402557373,-747.7657163733618,-2084319.650048837,0.0,21.162034610278255,33180.29573245091
287,-34237.34188079834,-751.2568953090715,-2070465.6614431269,0.0,21.97632947747715,9706.693582180027
288,-33858.7212562561,-753.4820091390153,-2058531.5118944603,0.0,21.49799541464908,33364.79878976519
289,-33821.04396820068,-755.0423977789472,-2038477.8105583987,0.0,20.8517501926845,15072.784099768009
290,-33733.5729598999,-755.4358840091943,-2032201.2706616255,0.0,20.789091318847667,16302.92769113059
291,-32850.10814666748,-760.7094980985145,-1982648.4727939647,0.0,18.38755371382972,16872.47708969542
292,-32775.890827178955,-761.1591484087546,-1980194.3925525453,0.0,18.22210708963054,16142.04507562461
293,-32459.707260131843,-762.384083401834,-1970724.598082879,3.637978807091713e-12,18.49657377716511,20377.18713770652
294,-32438.92192840576,-762.4774727173151,-1969822.484360297,0.0,18.512393270963244,20963.82341144526
295,-32137.365341186523,-763.5960543137894,-1958690.0836518765,0.0,18.503103364626067,30488.41735042756
296,-31816.87593460083,-765.3827070002183,-1936694.323557346,0.0,18.056591188296853,32163.164056313817
297,-31708.89139175415,-766.2865825785663,-1904642.819668483,0.0,17.50135975638696,39183.46208001159
298,-31507.067680358887,-767.8428771759761,-1891111.969605477,0.0,16.654841951818348,35225.32370100242
299,-31422.82247543335,-768.5261102579278,-1885345.1528634387,0.0,16.337095283985207,34076.66242922582
300,-31234.288215637207,-769.7180791539982,-1873942.3973031766,0.0,15.895535998368057,34230.971633359106
301,-31065.01817703247,-772.7278328493977,-1873548.5632972668,0.0,15.480731218038759,23642.250931344926
302,-30912.129878997803,-775.8916191875685,-1889403.124307698,0.0,16.460327578566453,46771.9902539828
303,-30747.63536453247,-779.8092702335982,-1868764.0231443793,0.0,18.750647383511154,25237.02994443888
304,-30659.22498703003,-780.9446751207262,-1852622.3778291505,0.0,19.289750018135354,32290.50389027939
305,-30637.764930725098,-781.5439267700715,-1858466.3023496761,0.0,19.83364794680147,23594.509538085436
306,-30585.453510284424,-781.860888207128,-1855546.4814415276,0.0,19.734704702737954,22013.46566682259
307,-29429.397583007805,-787.7510460533995,-1769623.557912536,3.637978807091713e-12,19.284651915576745,21224.279754444822
308,-29068.93014907837,-789.0500228788667,-1747934.5916576856,0.0,19.72759244887314,21553.853655794104
309,-28886.86895370484,-789.4133257115489,-1740114.5425019183,3.637978807091713e-12,19.651600331616212,19750.639363212926
310,-28861.496448516853,-789.4635072113696,-1738814.5398451474,3.637978807091713e-12,19.640762657340417,19746.03294408509
311,-28541.452884674072,-790.4924946901549,-1723777.22382767,0.0,19.925482949283026,22800.249206216646
312,-28444.654941558845,-791.2056153928264,-1718196.266824298,3.637978807091713e-12,19.739889380861346,24651.68654652624
313,-28394.07444000244,-793.9396929616912,-1723269.995623252,0.0,20.608901872225697,30967.156260769818
314,-28180.227279663093,-795.685480242515,-1709350.8138228673,3.637978807091713e-12,20.39029976951256,33193.72816382169
315,-27784.674167633057,-802.0045289917206,-1691340.5036634519,0.0,14.894925665757045,39561.34546072368
316,-27455.995082855225,-806.0080790427791,-1665215.3816864397,0.0,12.665919881533183,44213.81820183368
317,-27271.16107940674,-807.9827733977257,-1648592.005386663,0.0,11.24988355741875,44615.50298792135
318,-27154.951095581047,-808.7367416907997,-1639546.6099082702,3.637978807091713e-12,11.340833847627742,44706.31024921384
319,-26411.547660827644,-810.8921202289007,-1591403.8275662502,3.637978807091713e-12,12.314818069886046,40961.17394362103
320,-26397.42374420166,-810.9212237788097,-1590655.1296289754,0.0,12.326722017706908,40925.36368353592
321,-26196.892261505127,-813.449923625603,-1575999.7244950559,0.0,13.83511641549647,40912.529479480305
322,-25980.6489944458,-813.6520116341088,-1561832.8683384403,0.0,13.936260129920703,41047.83686227424
323,-25804.74853515625,-814.9305074743754,-1544610.5344557662,0.0,14.736512502996018,31226.53990296834
324,-25786.895751953125,-816.279586119677,-1568145.9374366172,0.0,15.748450866534222,64945.14241177777
325,-25629.39167022705,-817.4784590149758,-1550924.0161901084,0.0,16.65708375627907,62811.05344515484
326,-25577.259063720703,-819.1103903011813,-1539053.6643057298,0.0,14.88643160748069,67798.82087716421
327,-25551.78642272949,-820.2554262261428,-1536709.9722551673,0.0,13.534985624839678,67173.93973399547
328,-25489.45665359497,-823.0437658797412,-1533474.2881020347,0.0,10.827586362497291,65821.99389901325
329,-25350.85678100586,-824.0900242362422,-1524755.6138757768,0.0,12.020737862665237,64362.54635134171
330,-25227.384567260742,-825.9594286160876,-1520057.4114874043,0.0,12.18783724533849,61220.853642924114
331,-25189.449787139893,-827.855480970594,-1526888.4970970233,0.0,14.449730431982536,63741.09853863063
332,-25006.818771362305,-829.5101532462561,-1516757.1176282163,0.0,13.585905271740677,58719.0287429644
333,-24879.89902496338,-830.7363904186768,-1511059.8692486186,0.0,13.247844645814672,55269.16828672125
334,-24630.136489868164,-831.9654147346995,-1488782.7894731523,0.0,13.13417053472927,51413.192867444
335,-24242.45357513428,-833.7566741495199,-1451078.1237938595,0.0,13.231310945569748,51405.08467525454
336,-24031.93712234497,-835.1027194283464,-1436951.6074961475,0.0,13.918339547702452,54937.50564015977
337,-23839.306831359863,-836.2672155424904,-1423006.6166574552,0.0,14.6128997430828,60762.102140636256
338,-23647.97830581665,-836.9605122732315,-1418276.633595685,0.0,15.121331248666113,55459.94062391758
339,-23425.817489624023,-837.9315696710539,-1407241.8362993288,0.0,15.961269810743294,46106.06262799126
340,-23116.130828857426,-838.8702459113762,-1392807.24417487,0.0,16.55163428083452,39184.78689879703
341,-22901.96180343628,-839.9003233602731,-1386281.6965920487,0.0,16.760424973451034,34968.67996398177
342,-22792.83761978149,-840.5441199578514,-1382068.8786836518,0.0,16.913389994148474,33619.30826734403
343,-22634.644508361816,-841.857952211547,-1368443.7419701342,0.0,17.25164032732741,26407.202782906537
344,-22343.859672546387,-844.8278422364947,-1342643.0422474884,0.0,17.01165076991358,18606.727622232225
345,-22327.51846313477,-846.1231603517215,-1332358.8153665555,0.0,17.575572316223525,27267.137858191298
346,-21856.47964477539,-849.7341747482382,-1299808.5230919768,0.0,16.639488452106548,28781.30932255465
347,-21634.302139282227,-852.0032534320071,-1291438.3400782894,0.0,16.52254141784712,31059.53330804736
348,-21548.900604248047,-853.3329263475109,-1285964.1899905768,0.0,16.299921855565525,29664.951186353195
349,-21504.640579223636,-853.9997073256054,-1282952.1427350298,0.0,16.18483586000384,29082.765790627505
350,-21349.8592376709,-855.6558838852254,-1270201.362034211,0.0,15.493056566641615,26502.26085922946
351,-21328.530311584476,-858.2691959699256,-1264831.7594270438,0.0,11.278176465524089,29591.461326481967
352,-21102.876663208008,-860.2179699819748,-1250335.0722846654,0.0,11.384699998513321,24006.94571503907
353,-20933.818817138672,-860.5235852773931,-1241469.6006965549,0.0,11.55598832374898,23705.93283249465
354,-20897.89628982544,-860.6729916131228,-1239328.763622306,0.0,11.584297516086735,24396.490127071007
355,-20871.520042419437,-860.8070888606233,-1238336.883830986,0.0,11.611070390901405,25026.903911302416
356,-20784.88826751709,-861.2788864063423,-1233033.3974572446,0.0,11.650656277162282,26992.068486207445
357,-20203.816890716556,-863.664339162167,-1201590.7575839192,0.0,12.017141118893807,42632.44135374842
358,-20184.42392349243,-863.7441681744288,-1200573.797284295,0.0,12.031340145889617,43287.06169734218
359,-20093.33848953247,-864.4478596182877,-1191976.1172462027,0.0,12.223932664655482,41217.96416908426
360,-20004.329681396484,-865.8058489448955,-1176408.104837127,0.0,12.613992817343513,32713.01855358443
361,-19981.398582458496,-866.0432744358905,-1172669.1526402677,0.0,12.679752664550021,31438.99291332763
362,-19836.10510826111,-866.7311239471771,-1156128.4100101376,0.0,12.81655881971626,28003.98798160149
363,-19695.74093818665,-868.398930723433,-1141729.4423223329,0.0,11.066593892442947,26238.69341271912
364,-19593.40810775757,-869.7125214534966,-1136976.2379354432,0.0,9.933215055230763,25503.73959592426
365,-19437.345266342163,-871.5057191429762,-1148137.0520460196,0.0,8.197330866538332,25887.29034923439
366,-19384.85860824585,-871.9180264433826,-1151002.8957902254,0.0,7.97545145591853,33118.94367402297
367,-19328.40466499329,-872.3145147570594,-1151116.2979164706,0.0,7.681746781397819,40154.13395129553
368,-19229.204654693604,-872.9936139436988,-1140787.8857721617,0.0,7.175412372653226,38371.00024111445
369,-18994.140625,-873.7188854262213,-1122723.1314817157,0.0,7.439816896081741,31593.04400690483
370,-18640.90919494629,-875.2312771399672,-1100696.074067597,0.0,7.7855253182934385,26300.798832905097
371,-18542.394638061523,-875.8313836099117,-1096133.3147689444,0.0,7.90455343473381,24394.345778313444
372,-18430.03273010254,-876.7164933350489,-1089130.7295526196,0.0,7.72327164825367,21242.77210755575
373,-18427.393436431885,-877.705733842685,-1084750.017010474,0.0,8.295825899929602,23802.013820145334
374,-18378.29351425171,-878.2298010669872,-1083003.9022392002,0.0,8.317558106539774,22300.03658861109
375,-18370.392322540283,-878.5532868754847,-1082346.8621697593,0.0,7.909244366242803,21491.505420562833
376,-18293.569087982178,-881.7198202364316,-1075362.076042523,0.0,4.668586998153851,14758.384756897794
377,-18159.97004508972,-883.0649077909857,-1070289.3510751687,0.0,4.957516750397276,12428.605074685122
378,-18065.87219238281,-886.5766439528201,-1070602.6059008986,0.0,8.751427640106554,16056.304636788884
379,-18056.271076202396,-886.9121728060343,-1070532.7614269813,0.0,9.202048570617197,16588.906722885513
380,-18024.386167526245,-887.1325503854259,-1068607.7904241912,0.0,9.17961048487161,15731.189286791965
381,-17762.749195098877,-888.2874673319013,-1051311.1264807305,0.0,8.705371998355016,12926.046017241692
382,-17525.159120559692,-889.7372463741398,-1036641.2536200362,0.0,8.950023541882056,15774.107064523636
383,-17484.50517654419,-889.9194418850163,-1034543.8788923007,0.0,8.880593395591948,16279.616968642287
384,-17434.366941452026,-890.0928001118898,-1031464.722611982,0.0,8.842566571219136,16042.936143843539
385,-17000.91600418091,-891.4096460517828,-1006429.6760579547,0.0,8.614662582689354,13670.677954252948
386,-16347.20325469971,-893.2697300653177,-964047.115854856,1.8189894035458565e-12,8.378332214680261,9186.849006518092
387,-16326.590776443478,-896.0391344937292,-961316.1099822351,1.8189894035458565e-12,8.402336084922494,8476.223117997832
388,-16254.088878631592,-896.2105018388909,-956292.2747052204,0.0,8.440937023672747,8087.9761553411345
389,-16238.267421722412,-896.6492066211952,-961310.849538397,0.0,8.937962874913273,7455.196684672531
390,-15763.124227523804,-898.4689805844288,-928652.543621021,0.0,10.048833500838713,8173.333824570058
391,-15732.160806655884,-898.7344173264053,-925958.9571899967,0.0,10.046110233534781,8449.298120759579
392,-15583.775043487549,-901.9702070907108,-914590.8006986264,0.0,7.031817770286962,9920.054799537855
393,-15503.84521484375,-902.8014364490718,-907710.7998413652,0.0,6.831273218121313,11712.37028957436
394,-15220.13783454895,-904.6082500722972,-887495.0383356618,0.0,6.739372301442683,12276.143691717924
395,-14991.070032119755,-905.9798706786748,-872139.9772301099,1.8189894035458565e-12,6.81807109522573,12538.83967527529
396,-14905.620813369755,-907.9338105514838,-870077.6305741277,1.8189894035458565e-12,7.47286334734353,12754.783983648242
397,-14792.895317077637,-908.9126446261714,-863859.3668917086,0.0,7.721586238173508,13742.56000832484
398,-14610.228538513184,-910.6156261547436,-851578.2948105668,0.0,8.113769154614042,17256.568438526563
399,-14345.76869010925,-913.2767527006939,-828719.3245252979,1.8189894035458565e-12,8.991787752293439,18984.682825255244
400,-14260.436296463013,-914.2368620303043,-820578.4340324485,0.0,9.183421205678732,19965.80400557803
401,-14216.35985374451,-914.5544637674597,-816567.4282121792,1.8189894035458565e-12,9.055625552427488,20685.901802316177
402,-14060.547351837158,-916.6486918043036,-808743.1653425345,0.0,8.261699596003064,15337.46351885936
403,-13846.47011756897,-919.3057900252063,-794750.1843828866,0.0,7.724296414457448,13308.621446021336
404,-13795.535564422607,-919.8170491126555,-792292.0776179231,0.0,7.91704242021784,14502.936565209886
405,-13735.55064201355,-920.6638366502395,-789703.5068647763,0.0,7.969688981925666,16482.08417912722
406,-13629.43172454834,-921.4320076887583,-782065.8374791738,0.0,7.550900780064355,15726.644796915563
407,-13597.626686096191,-921.7201832964504,-780176.5777213633,0.0,7.489045817359103,15701.246134677065
408,-13513.040542602543,-922.6902247673036,-774383.3408075065,1.8189894035458565e-12,7.027627156148748,16290.071111330457
409,-13292.055130004886,-925.4557846515642,-767701.7481033418,1.8189894035458565e-12,6.208229414619394,12279.664806016133
410,-13164.030313491818,-926.4690128341128,-764481.5053595679,1.8189894035458565e-12,5.91718671234242,12284.577134466881
411,-12978.421449661257,-928.150552829398,-754189.7133551147,0.0,5.704906042933534,10333.047709847446
412,-12894.784212112429,-928.8467734088724,-748606.1413819359,0.0,5.594821015295962,9350.204209277885
413,-12872.26915359497,-929.0263550920912,-746644.6732478368,0.0,5.57289568282223,9329.308101133256
414,-12867.17176437378,-929.0557885935812,-746262.2105862178,0.0,5.5572581658221,9325.53504380828
415,-12466.071844100952,-931.3496865400421,-721888.8522179133,0.0,4.502207955788405,14464.179778445068
416,-12437.779903411863,-931.7510690718625,-719501.9255027787,0.0,4.112532413322626,14908.359635612489
417,-12336.223125457764,-933.2911486401733,-711697.6756165633,0.0,3.363172519184679,16859.548737145305
418,-12266.54052734375,-933.5785729311244,-706525.1523855512,0.0,3.527317909971938,18498.362792489163
419,-12171.093225479126,-933.9374549136239,-701159.72344393,0.0,3.8224639694540006,17563.230134476526
420,-11975.338459014893,-934.8710347881922,-690401.2882382438,0.0,4.490353836818908,16591.08296203859
421,-11972.724199295044,-934.9356461962612,-687268.8527308881,0.0,4.573060285023613,15815.216567793885
422,-11830.229759216309,-935.3579056738903,-678750.1540525737,0.0,4.73909082026879,15700.381959946095
423,-11713.964939117432,-935.9683627947252,-671452.5181913052,0.0,4.497296462635903,16527.17194411088
424,-11561.429500579834,-937.017028331779,-659204.9635626479,0.0,4.373148712664242,13353.491741552918
425,-11501.834392547607,-938.971111971949,-656105.9037277427,0.0,6.59947965125907,12666.52745403089
426,-11496.55818939209,-939.152348615277,-655820.9405613557,0.0,6.824432797346968,12663.653491308602
427,-11475.76928138733,-940.0586509104824,-655487.8515920601,0.0,7.554782262185214,11757.877334096798
428,-11431.084871292114,-940.85944494946,-656253.2365261366,0.0,7.1656759608656255,12578.061664897721
429,-11167.534589767456,-945.5698033199487,-640722.7703232479,0.0,5.984469109096151,15226.688251960682
430,-11159.58571434021,-945.7085344383395,-640359.2833886617,0.0,5.981784198694792,15763.444063510997
431,-11059.737205505371,-946.5437539164475,-632070.3996387672,0.0,5.602213700456186,15480.92984793609
432,-11022.852659225464,-947.7477790124158,-630452.6073362567,0.0,5.5573462883096125,14208.900359379662
433,-10982.11407661438,-949.2076563828277,-628058.8119034566,0.0,5.960736526266718,13523.473485796978
434,-10885.783433914185,-950.2349960425088,-619873.9342637247,0.0,5.177145560602013,13576.627758030045
435,-10700.72889328003,-951.5873327321727,-606663.3852698703,0.0,3.909461584605405,14579.848713982929
436,-10627.849102020264,-952.4356172637993,-600287.3242398764,0.0,3.5034413057827787,15140.444001130767
437,-10478.28197479248,-953.3505856365118,-590265.4681973096,0.0,3.915971151098773,11390.510580133401
438,-10312.342643737791,-954.1767288992403,-579507.2306643722,0.0,4.535093188500671,7696.340453436726
439,-10172.67107963562,-954.5700264934134,-572754.2306173717,0.0,4.854456162783431,6655.173155084517
440,-9955.571293830872,-955.3375105714542,-559484.29319461,0.0,5.178835586141073,12019.017313140526
441,-9804.349541664124,-955.8996024698823,-545313.9805516523,0.0,5.444284823281836,7835.281620000756
442,-9739.141464233398,-957.5419267292173,-539741.9736193671,0.0,4.677255874725141,6564.69735265164
443,-9714.345932006836,-958.5569116982437,-537962.2666056346,0.0,4.608034995689285,5839.22353614044
444,-9695.391654968262,-958.9221386606414,-536532.4315467847,0.0,4.5797076956747,5372.498716101388
445,-9600.68166255951,-960.9449181071528,-529578.6376154756,0.0,5.0700686390090235,5071.520224407962
446,-9524.775743484495,-961.4811638263125,-523045.55031588004,0.0,4.911441972565538,6845.432286415459
447,-9424.616694450378,-962.1063330592115,-516461.2876284689,0.0,4.716372593190363,6700.995684493463
448,-8877.135515213013,-964.6048838925386,-482331.33031709504,0.0,5.488771674964334,5192.616720030056
449,-8849.332332611084,-964.8075171880771,-480603.524381645,0.0,5.4423656939206575,5173.02358769923
450,-8552.810549736023,-966.7320098539747,-463352.74797272094,0.0,5.012061864897008,4842.211283459495
451,-8543.710708618164,-970.3772210388561,-464835.9455180567,0.0,5.406131112121064,4887.255767878455
452,-8204.023241996765,-973.4747951252664,-446502.8600445426,0.0,5.721488941116032,4947.552966261918
453,-8146.60906791687,-974.084502568882,-443349.15475224814,0.0,5.7288323262541,5113.508043910041
454,-8090.444803237915,-974.7840351794281,-440020.69096111285,0.0,5.76845417880236,5313.776843728498
455,-8064.359426498413,-975.2161091825401,-436137.1579521457,0.0,5.966892230927163,4260.161316456184
456,-8060.065507888794,-975.3170368507039,-435544.147336342,0.0,5.991153899797304,4558.143890189492
457,-8007.44354724884,-976.5212940096068,-433219.8629284998,0.0,6.304822716800034,4972.232524056062
458,-7978.41489315033,-976.9120945875098,-431210.55696333863,0.0,6.516556251151263,4469.354124154488
459,-7762.6413106918335,-979.9902887780094,-415770.50486317684,0.0,8.12636611746486,5495.844828764308
460,-7698.606252670288,-980.9193583789402,-412263.3097321242,0.0,8.618353988114078,5784.945737077907
461,-7612.2695207595825,-981.7226629031704,-406604.82961014204,0.0,8.477880277338924,4837.411228416379
462,-7410.048246383667,-984.1834669096982,-395431.5301418966,0.0,8.334970388553751,4184.938834290794
463,-7347.853183746338,-984.8683082754,-391532.6286388699,0.0,8.381964928136995,4926.774303620274
464,-7343.1843519210815,-984.8957638927677,-391175.129665347,0.0,8.37370847995927,4885.665117524805
465,-7158.72585773468,-986.5519404939423,-378041.0614382437,0.0,8.01812444510197,3342.293634695985
466,-7051.932215690613,-990.5928296436789,-369409.26263428625,0.0,5.602878656291473,4802.946662644915
467,-6969.084143638611,-991.2073865030521,-363854.52759615576,0.0,5.662703069841127,4494.607869368978
468,-6915.107369422913,-991.571883309949,-360209.854844559,0.0,5.7048115247165425,4601.6991243552175
469,-6859.012246131897,-992.1317148201499,-356931.1168868785,0.0,5.760116839797504,5020.381552408951
470,-6813.917756080627,-992.7963262157433,-354448.0952180951,0.0,5.483388805444293,5342.107131582839
471,-6677.93869972229,-994.5459193088527,-346695.1536684261,0.0,4.643994032937554,6260.866556163856
472,-6670.417189598085,-994.8415304277354,-346068.85184294224,9.094947017729282e-13,4.62199408168317,6212.977890053515
473,-6653.135418891907,-996.126947094687,-344815.3736570227,0.0,5.45685750451003,5939.425141201866
474,-6592.848896980286,-998.9308773270047,-341858.6530202014,0.0,8.565487175373756,5582.808472453607
475,-6480.854749679565,-1000.206272684734,-337133.9212925678,0.0,8.022987873308116,4695.719150688796
476,-6321.991086006165,-1002.5405769780461,-329318.1735119675,0.0,6.845615159287824,6105.429392588135
477,-6314.895749092102,-1002.6206663897667,-328988.5701761682,0.0,6.815162054845051,6207.672419375941
478,-6289.049983024597,-1003.0690252276429,-326399.58231851924,0.0,6.980698108587863,5130.047977210389
479,-6029.80375289917,-1006.5399500617825,-309276.96046627953,0.0,6.894906840830235,5506.000872564188
480,-5942.990183830261,-1007.957211136855,-304765.33007229114,0.0,7.334236540154085,5608.877167152494
481,-5912.4791622161865,-1009.5019778051471,-300783.0950874159,0.0,6.607787987019157,7816.992371587306
482,-5871.022939682007,-1010.1416506958351,-298861.5688806829,0.0,6.829702086221331,7628.700702676094
483,-5848.628282546997,-1010.4526659286009,-297863.7073324691,0.0,6.984412554867517,7529.731288219045
484,-5789.316296577454,-1011.3262683534194,-294790.8358358151,0.0,7.409991126044875,6811.7884724212045
485,-5706.227421760559,-1012.190197805334,-289972.09946217865,0.0,7.36805798087786,5870.452192087239
486,-5690.041184425354,-1012.3590082371147,-288962.2155619858,0.0,7.363407905808183,5733.707494145159
487,-5669.4746017456055,-1012.4925364327215,-287758.89317873353,0.0,7.32368067132778,5669.082532758553
488,-5492.048859596252,-1014.8785365678839,-275870.0228196457,0.0,6.355778941880171,6016.9125366691915
489,-5440.534949302673,-1015.1721648667856,-272277.37932303385,0.0,6.254514359024849,6211.884833240734
490,-5296.984314918518,-1016.6444693986825,-262029.37049830216,0.0,7.250176297180393,6504.095966411653
491,-5286.041498184204,-1017.5133637685965,-262268.2445477509,0.0,7.201611469554678,6622.519973602987
492,-5197.644233703613,-1018.4353759643597,-254325.42488393918,0.0,7.809407160405369,7022.802977620874
493,-5186.535716056824,-1018.550894051434,-253336.03390085846,0.0,7.888215175311981,7202.46255459506
494,-5093.147754669189,-1019.5331846619658,-247150.51954452475,0.0,8.571724391165217,7386.1968837442955
495,-5066.426396369934,-1021.2155607257249,-248732.02930655953,0.0,8.52890471500503,8253.776897978716
496,-5065.876841545105,-1021.693647065165,-246656.27946833865,0.0,8.65614590243878,7059.119929884039
497,-5065.5364990234375,-1021.9883709452866,-245366.80992613445,0.0,8.782800917885158,7423.757265032274
498,-5055.698752403259,-1022.047086148082,-244669.2261990044,0.0,8.789281869263938,7209.189789852035
499,-4932.604432106018,-1023.4927676354707,-237148.97627429306,0.0,8.228335345801538,3252.50505811202
500,-4899.202287197113,-1024.0622511084475,-235169.72511173194,0.0,7.9803075091821425,2258.918324493901
501,-4829.4952511787415,-1024.9409496681535,-230487.45455285092,0.0,7.725375425838938,796.0858187302451
502,-4690.4513239860535,-1027.5567469546718,-223687.53676918303,0.0,8.920581275733394,2014.7868268886796
503,-4689.496159553528,-1028.4408249094977,-223232.84643599374,0.0,8.248423655741707,2406.2819475734323
504,-4673.862457275391,-1029.1573102326752,-223170.1153986427,0.0,8.154819765666822,2127.3332717314606
505,-4663.670063018799,-1029.6061431416142,-223230.42093009432,0.0,8.094084171289571,2566.6456085894583
506,-4591.547846794128,-1030.8758789048102,-219853.58941110675,0.0,8.411371204675039,4783.9341833303815
507,-4574.045836925507,-1031.197727577848,-217374.24721270255,0.0,8.522300405333382,2290.7144086377602
508,-4573.960900306702,-1031.9917264106984,-218743.30401274515,0.0,10.068534252744493,4849.754570874232
509,-4551.350176334381,-1032.2774492870465,-217347.7037932972,0.0,9.965135109902333,5016.383390746856
510,-4525.872468948364,-1032.705065913135,-215713.37334561712,0.0,9.834541566858784,5223.604036102396
511,-4507.895112037659,-1033.1191834047984,-214892.27038383513,0.0,9.687869784917469,5170.048188472823
512,-4506.770372390747,-1033.367045864516,-214603.5347285737,0.0,9.503047941333438,5350.505069332762
513,-4502.618610858917,-1034.2869786321182,-213521.8329632283,0.0,8.986500410239469,6269.911878441413
514,-4423.488974571228,-1036.4183310551762,-209896.89144858374,0.0,8.344602705293442,5741.387132193227
515,-4286.229312419891,-1039.5909872112884,-200988.60865325714,0.0,7.582772369558443,4742.69686162168
516,-4210.570752620697,-1041.6102236482564,-196407.98163378116,0.0,7.179497235612539,4857.880003183184
517,-4189.441204071045,-1042.276033547389,-196061.86702134117,0.0,7.056118903369006,4970.465593299815
518,-4173.563122749329,-1042.732735871001,-195650.1435232182,0.0,7.018177165989943,5809.927337459026
519,-4166.978001594544,-1042.8891311721084,-194776.5778926651,0.0,7.012456794574337,5674.456013935833
520,-4151.039123535156,-1043.334352442385,-192493.999678744,0.0,7.124752034426251,5545.685605368681
521,-4145.585596561432,-1043.4603775291296,-192030.9465881629,0.0,7.169270054900117,5619.503275227872
522,-4129.589200019836,-1044.1812201706452,-190755.56215469222,0.0,6.938623493775824,5752.009652037728
523,-4127.11888551712,-1044.273415334535,-190533.84028712023,0.0,6.903110982361274,5750.67937699856
524,-4054.5403957366943,-1045.5873420692346,-184943.99745741542,0.0,7.230235974349593,4451.636820277525
525,-3947.2609758377084,-1047.1469730630974,-178870.91505436398,4.547473508864641e-13,7.084405298607063,4723.532724394657
526,-3826.342523097992,-1049.4249498381007,-171025.86244325357,0.0,8.043053768277199,4414.311215512291
527,-3810.7579946517935,-1049.732520973781,-170032.24585300087,0.0,8.172011518671333,4387.0109447334735
528,-3713.4435772895804,-1051.6464335889707,-163695.03735528525,4.547473508864641e-13,9.031843510334886,4308.978290465327
529,-3620.6477880477914,-1053.4354655405248,-158232.26247036154,4.547473508864641e-13,9.931181849170743,4038.0208633521815
530,-3519.0096497535706,-1055.547731892882,-152048.43279385296,0.0,11.26273956116979,3411.449944346728
531,-3505.059778690338,-1057.113894326452,-151022.71233966047,0.0,10.904170401545565,3461.4803293316763
532,-3438.2247924804688,-1059.2519185588076,-147091.80247705668,0.0,11.760489241416323,2970.543886942291
533,-3428.492248058319,-1059.4807461042603,-146508.28461757328,0.0,11.754803971201115,2884.0000373308876
534,-3422.2936630249023,-1059.6411160565133,-146116.3488310648,0.0,11.737330680358097,2830.861352755965
535,-3407.828211784363,-1060.1838339950402,-144869.16576467772,0.0,11.738946249139786,2937.0215269095147
536,-3376.432955265045,-1060.628748417563,-142729.90660141554,0.0,11.6240555702056,2794.0544572059075
537,-3355.366885662079,-1061.0741253167587,-140400.36406782252,0.0,11.79798113783599,1227.6445290534482
538,-3337.3183012008667,-1061.9982725642335,-139522.69223061908,0.0,12.875147710219762,1717.1949184076404
539,-3337.049186229706,-1062.0023170805277,-139504.8226626416,0.0,12.874556235136831,1717.6332225762164
540,-3334.0057730674744,-1062.0713694897026,-139315.73629505179,0.0,12.841679199621634,1717.2980661463541
541,-3206.152319908142,-1065.0796387989792,-130968.43311986995,0.0,11.520435830640912,1494.8397656744826
542,-3205.8635354042053,-1067.007115118038,-130570.76857349576,0.0,14.95243234012557,992.1747556958055
543,-2997.533679008484,-1072.0179917056364,-117098.33912071298,0.0,13.603055853515786,1244.0760535677277
544,-2996.396422386169,-1072.069162898262,-117029.32207079903,0.0,13.56778313156816,1245.9639100908378
545,-2985.782325267792,-1072.5371335003842,-116380.21297776276,0.0,13.239721027470386,1260.605770542579
546,-2940.9965872764587,-1075.2791938174407,-114472.95888289588,0.0,11.708904869672354,426.9660741144317
547,-2924.2199659347534,-1076.0723307948583,-113376.41350077039,0.0,11.190234785832176,281.78886668698993
548,-2791.2694215774536,-1083.2818087753662,-104816.84814754338,0.0,9.49384022831499,1545.9016596213005
549,-2785.688638687134,-1083.5826797875354,-104407.22230999215,0.0,9.45851637782847,1562.375665919403
550,-2774.2764353752136,-1084.8700631597926,-103804.18854089327,0.0,9.099630521369406,1160.8105049674145
551,-2755.023241043091,-1086.874595115596,-102761.78553375017,0.0,9.016665623272745,544.1101564229351
552,-2744.7444200515747,-1087.3311159686302,-102293.94789580897,0.0,9.023355520635144,385.3586177218449
553,-2693.959474563598,-1089.3272071769773,-98879.79133277238,0.0,9.275598885260136,1017.7128278494415
554,-2639.6554708480835,-1090.4781275064174,-95696.15492962443,0.0,9.778579716382222,1103.5909539902004
555,-2631.4330101013184,-1092.2166646644787,-94838.82053475817,0.0,10.059930806104143,825.0594492481551
556,-2591.829001903534,-1093.0950062228687,-92379.75373057227,0.0,10.337105837569775,865.8359265451919
557,-2587.9278779029846,-1093.304214479193,-92148.48092266134,0.0,10.221176016492326,857.3483214114951
558,-2581.7379355430603,-1095.2202070036185,-91364.16015379273,0.0,9.255434017915084,762.1497009133611
559,-2506.1407685279846,-1099.8515689808983,-86896.46667793776,0.0,7.3858659551534105,780.0895330866875
560,-2495.892643928528,-1100.44979747575,-86254.6223845048,0.0,7.323195161204809,775.16272186548
561,-2479.386031627655,-1101.2500937824343,-85142.73996602812,0.0,7.3719704629373775,817.389121364975
562,-2429.201900959015,-1106.994008779866,-82757.29414857244,0.0,14.060205310879113,2931.07970459087
563,-2406.727224588394,-1108.035457735716,-80984.15332717079,0.0,14.16541826718811,2518.976927504244
564,-2379.34410572052,-1108.9189867951006,-78923.1875734641,0.0,14.354630944135685,1945.385050084494
565,-2365.458905696869,-1109.3753979971223,-77910.00384751426,0.0,14.453795808804704,1638.210205147599
566,-2365.4459416866302,-1109.3760523380129,-77909.08432372128,0.0,14.454312375545976,1637.9756397168856
567,-2357.0871353149414,-1110.9681940880673,-77415.84061323907,0.0,13.768280015046026,1478.3437375459835
568,-2299.663722515106,-1114.3376518085345,-73507.3591873447,0.0,15.696612112422617,660.8386039215937
569,-2286.5046560764317,-1114.9483920137163,-72458.5599108603,0.0,15.839440372602542,708.942139357097
570,-2279.8746824264526,-1115.3307099898686,-71977.7889349573,0.0,15.90705578804545,847.6024673106522
571,-2263.801544904709,-1116.2318980169193,-71152.83658909067,0.0,16.033191087618555,822.2295067706456
572,-2202.8054296970367,-1118.8520076137443,-67517.11533340618,0.0,16.582108300356033,917.1475079462482
573,-2186.268270015717,-1119.8225738189392,-66437.53317016816,0.0,16.589703586004347,816.4659868083171
574,-2161.0242128372192,-1122.009439836457,-64725.38699845583,0.0,15.793433158798083,669.6140075903936
575,-2133.6129307746887,-1125.0554435011038,-62798.13159308002,0.0,16.2358762975209,679.7710265770347
576,-2125.7078647613525,-1125.995615911379,-62219.903583096144,0.0,16.37461790431311,666.090283725863
577,-2102.3444831371307,-1128.5458442563747,-60305.40757859568,0.0,16.928965784533982,781.4327307349549
578,-2071.610689163208,-1131.791622419573,-58267.427190922645,0.0,17.795808486231792,664.7153773637034
579,-2058.6708188056946,-1134.0836015101625,-57418.48663674557,0.0,17.823336518753834,645.5706088182174
580,-2046.931684017181,-1136.9647935030866,-56724.36726092834,2.2737367544323206e-13,19.506217202533737,501.85527830112
581,-2026.955932378769,-1142.6391704095674,-55514.671543975535,0.0,21.948347566267064,260.528239711624
582,-2016.9845223426814,-1145.6316059987016,-54930.80604596215,2.2737367544323206e-13,23.26704511327215,203.50106154893143
583,-2012.4949514865875,-1146.643631098353,-54651.670731991835,0.0,23.8743084672691,193.76926923222774
584,-2011.7291808128361,-1146.794484764251,-54606.50674345761,2.2737367544323206e-13,23.991740413824353,191.96557755527988
585,-2008.812576532364,-1147.1394645486232,-54424.33607784032,0.0,23.999031842852027,198.7810714913452
586,-2005.606442689896,-1147.676365332513,-54235.53583631766,0.0,23.93802033976143,204.86071447722895
587,-1949.885487556457,-1158.902706422461,-50801.9192912923,2.2737367544323206e-13,21.609627763159175,245.89868165372948
588,-1939.8567080497746,-1160.5372972342745,-50140.44841585204,2.2737367544323206e-13,21.649719646188142,259.5756964898519
589,-1928.882747888565,-1164.4894885225294,-49448.20649784927,0.0,20.858950411629742,325.127251575455
590,-1922.423094511032,-1166.6512157656766,-49043.09181230756,0.0,20.879147333086063,388.2142606141482
591,-1921.1211800575256,-1167.1477136281176,-48980.002945755106,0.0,20.896578226754844,375.20387547449087
592,-1914.7968292236328,-1169.7071036504701,-48720.61071529247,0.0,20.976004358861704,286.7105305449339
593,-1907.384693622589,-1170.9587827068287,-48419.10096966305,0.0,20.67631786972794,246.65605171237934
594,-1901.008933782577,-1173.6520583565334,-48134.63736254184,2.2737367544323206e-13,23.209752521722933,297.97751627030954
595,-1900.924146175384,-1173.690811795584,-48129.79713643244,2.2737367544323206e-13,23.244859838477915,298.58340658580227
596,-1897.303313016892,-1179.345208432199,-47822.49522375095,2.2737367544323206e-13,25.395923812535308,358.17133608900554
597,-1896.334141492844,-1179.834051060371,-47763.76918937759,0.0,25.780759119458775,379.14440665266375
598,-1893.9730525016785,-1181.1199957686508,-47581.14940309602,0.0,26.671768030438148,360.4836003360071
599,-1879.8169493675232,-1188.3912514171388,-46575.87475524432,0.0,32.3497078749401,289.33142125564564
600,-1876.7943978309631,-1190.861030177611,-46812.30265019727,0.0,35.20665246440042,810.5045970171927
601,-1873.3328580856323,-1194.6559825623053,-46448.3940812097,0.0,40.281828996354285,579.8734583906947
602,-1871.1240589618687,-1198.036410946636,-46233.53599961478,2.2737367544323206e-13,42.535891976083086,444.49972212575614
603,-1866.41126871109,-1201.3550571988922,-45923.34394134667,0.0,40.44199110872909,446.1408868790523
604,-1863.5931611061096,-1203.8091031509798,-45395.56745668572,0.0,38.93900578812559,591.6599017679803
605,-1861.9805574417119,-1204.2025629156738,-45276.09156434144,2.2737367544323206e-13,38.95051417489691,570.6513814895213
606,-1859.927475452423,-1211.2267968451895,-45125.99343887613,0.0,37.75789231613106,545.2531217672025
607,-1845.069974660873,-1217.055789236855,-43974.074661463594,2.2737367544323206e-13,39.62761435288993,340.6116935601177
608,-1843.891590833664,-1217.4099897538038,-43898.190330136335,0.0,39.77078668310981,328.0038162906853
609,-1841.304451227188,-1225.321375007253,-43876.69165272782,0.0,35.45708513468353,372.7874145355425
610,-1835.845708847046,-1228.8046019065891,-43555.187911993664,0.0,35.55993802430409,367.4581031433028
611,-1832.8407406806941,-1230.7836427043453,-43389.40288660865,2.2737367544323206e-13,35.7291799309478,364.8400166315762
612,-1823.0079114437103,-1236.5119236015069,-42715.99017756102,0.0,36.57693280534164,373.9419351302056
613,-1822.221428155899,-1236.7521482361656,-42645.492201910165,0.0,36.623105960454744,347.21908736041615
614,-1819.882988929748,-1242.6559043774885,-42522.75300009902,2.2737367544323206e-13,44.258732077140436,294.0132785084123
615,-1816.712915897369,-1245.2191231670963,-42230.55776223075,2.2737367544323206e-13,46.87823420794045,208.3444824280639
616,-1814.399510622024,-1247.8817328434393,-42050.679405264,2.2737367544323206e-13,48.87927612351362,206.06613800929804
617,-1814.342737197876,-1249.3369006437704,-42078.538403435654,0.0,46.86172660102594,216.93623273900187
618,-1813.389807939529,-1251.145256353003,-42004.3115879004,2.2737367544323206e-13,46.673704277561185,223.50559235280397
619,-1812.511533498764,-1254.2562990846143,-41935.41922041749,0.0,45.991221891360006,231.23117547680963
620,-1809.674352407456,-1275.7032384484517,-41734.32749720398,2.2737367544323206e-13,48.336819099984076,225.17057551166775
621,-1808.844804763794,-1279.8975879928955,-41689.802479246144,0.0,48.5996848697746,201.29625937530815
622,-1808.3389103412628,-1281.7891309846882,-41659.883938288884,0.0,48.91099979173923,188.7952103957755
623,-1807.9572916030884,-1285.5230500145922,-41621.96025849336,0.0,51.39201115090593,204.2522638083584
624,-1805.3528666496281,-1291.4815200499847,-41432.54413457803,2.2737367544323206e-13,49.690695301562364,206.96361680194542
625,-1802.9920756816864,-1296.3517244357904,-41249.862231977735,0.0,49.024263376933014,203.82875783875474
626,-1797.279417514801,-1305.4819741656179,-40869.92663694759,0.0,44.20924894527149,159.49357884115145
627,-1796.202957630158,-1307.4421044678504,-40773.62557147257,2.2737367544323206e-13,43.533048617404646,168.70448757233854
628,-1795.5072224140167,-1308.7688235014045,-40716.46260121293,0.0,43.08907509789479,175.19172916839034
629,-1793.6968803405762,-1311.5738224275005,-40604.01581886348,0.0,41.32747942608461,160.47468101615002
630,-1790.0054156780243,-1320.7544239994152,-40342.30813597904,0.0,38.34876259477579,164.06189578258747
631,-1789.631843566894,-1321.2683764663582,-40319.53482159767,2.2737367544323206e-13,38.01876837550213,161.39855692781495
632,-1787.7434194087982,-1326.1873173557274,-40213.56443027891,0.0,32.438800059144285,165.9031382652053
633,-1787.0357632637024,-1331.6692672384934,-40173.656709417504,0.0,28.93818173696529,168.7218736754421
634,-1785.5918407440186,-1344.4100206642133,-40146.30983990038,0.0,27.311623676456158,174.51137872335732
635,-1785.474717617035,-1339.196818071089,-40193.545855772114,0.0,27.409646757879383,166.2060312957413
636,-1782.8427255153656,-1345.4446243680625,-40035.59358599182,0.0,18.00796892342191,170.7152284702815
637,-1782.7244102954865,-1346.6512217412796,-40001.59417480497,0.0,16.076662499374347,139.820340593363
638,-1782.4134230613708,-1352.285669626786,-39904.40951615442,0.0,12.253334668494713,130.96808503616043
639,-1782.0562422275543,-1358.1368710970007,-39867.63339015328,0.0,10.903511584630952,145.59372350196267
640,-1781.0571193695068,-1364.6293374915144,-39852.36859687595,0.0,10.891040953081696,125.75551435148384
641,-1780.8739840984344,-1367.5691574127018,-39772.43821193365,0.0,16.346152493304203,115.10173846868565
642,-1777.7174711227417,-1352.0788192749023,-39627.742767333984,0.0,0.0,0.0
643,-1776.2774229049687,-1393.6407852172852,-39598.78087043762,2.2737367544323206e-13,0.0,0.0
